arm	suite	isl	concurrency	repeat	status	error_rate_pct	records	errors	input_tokens_avg	output_tokens_avg	ttft_avg_ms	ttft_p50_ms	ttft_p95_ms	ttft_p99_ms	itl_avg_ms	itl_p50_ms	itl_p95_ms	itl_p99_ms	latency_avg_ms	latency_p50_ms	latency_p95_ms	latency_p99_ms	request_tps	output_tps	peak_vram_mib	peak_power_w	avg_gpu_util_pct	peak_temp_c
spark_llama	sanity	raw	1	0	PASS	0.0000	1	0	59.0000	16.0000	99.5015	99.5015	99.5015	99.5015	15.0048	15.0048	15.0048	15.0048	324.5739	324.5739	324.5739	324.5739	3.0542	48.8672	3439.0000	50.6600	7.0000	55.0000
qwen_llama	sanity	raw	1	0	PASS	0.0000	1	0	49.0000	16.0000	85.6418	85.6418	85.6418	85.6418	11.0646	11.0646	11.0646	11.0646	251.6101	251.6101	251.6101	251.6101	3.9325	62.9193	3881.0000	42.6900	7.4167	55.0000
spark_llama	model	raw	1	1	UNSTABLE	3.7500	80	3	50.9740	128.0000	116.3662	114.2126	137.2140	144.5645	14.9769	14.9456	15.1812	15.4634	2018.4379	2014.8216	2057.7550	2078.3753	0.4928	63.0786	3439.0000	86.4200	77.1265	75.0000
qwen_llama	model	raw	1	1	UNSTABLE	3.7500	80	3	40.5065	128.0000	93.7245	90.5076	113.1687	122.4525	12.8421	12.8249	12.9838	13.0936	1724.6692	1721.4369	1751.0565	1754.9535	0.5763	73.7652	3881.0000	102.6700	85.7158	78.0000
qwen_llama	model	raw	1	2	UNSTABLE	6.2500	80	5	40.3867	128.0000	91.1512	90.0205	104.8741	109.3842	12.8325	12.8147	12.9599	12.9826	1720.8800	1718.7634	1737.5432	1740.8208	0.5757	73.6945	3881.0000	87.0300	84.9161	79.0000
spark_llama	model	raw	1	2	UNSTABLE	5.0000	80	4	50.8684	128.0000	113.3670	111.5983	125.7762	138.6633	14.9780	14.9402	15.1771	15.4264	2015.5738	2012.7353	2043.2025	2070.7584	0.4928	63.0821	3439.0000	90.8000	76.3125	80.0000
spark_llama	model	raw	1	3	UNSTABLE	1.2500	80	1	50.8354	128.0000	116.8942	113.8440	141.4881	145.9614	15.0087	14.9789	15.2431	15.4147	2023.0023	2020.4083	2064.2233	2086.8950	0.4931	63.1121	3439.0000	99.3000	75.1983	80.0000
qwen_llama	model	raw	1	3	UNSTABLE	3.7500	80	3	40.5325	128.0000	95.1589	91.6234	112.6090	118.8137	12.8363	12.8315	12.9157	13.0334	1725.3669	1723.2041	1744.3346	1749.4068	0.5760	73.7334	3881.0000	93.7900	85.0239	80.0000
qwen_llama	model	raw	1	4	UNSTABLE	5.0000	80	4	40.5921	128.0000	93.5817	90.6022	111.2317	120.3280	12.8363	12.8229	12.9486	12.9907	1723.7876	1721.8110	1742.8492	1758.0653	0.5756	73.6789	3881.0000	99.1400	85.1172	80.0000
spark_llama	model	raw	1	4	UNSTABLE	5.0000	80	4	51.0132	128.0000	112.8659	110.6480	123.5361	134.9220	15.0969	14.9980	15.3280	17.0283	2030.1700	2017.6728	2059.8844	2283.3090	0.4892	62.6128	3439.0000	90.7500	75.6154	80.0000
spark_llama	model	raw	2	1	UNSTABLE	5.0000	80	4	50.7895	128.0000	188.2784	189.8429	210.1922	216.5400	18.0656	17.9072	18.9622	19.1492	2482.6071	2463.7753	2597.0348	2632.5796	0.7982	102.1649	3441.0000	89.4100	69.0467	80.0000
qwen_llama	model	raw	2	1	UNSTABLE	7.5000	80	6	40.1757	128.0000	180.3977	176.0307	212.7053	223.9357	35.5672	35.4657	37.1215	38.5695	4697.4345	4695.5424	4897.2999	5074.2974	0.4240	54.2739	3885.0000	96.7200	68.1635	80.0000
qwen_llama	model	raw	2	2	UNSTABLE	2.5000	80	2	40.5000	128.0000	173.0412	174.2546	202.1713	214.5865	35.0034	34.9012	37.4464	38.6143	4618.4768	4611.2170	4933.3118	5095.0372	0.4319	55.2808	3885.0000	101.4100	69.6111	80.0000
spark_llama	model	raw	2	2	UNSTABLE	10.0000	80	8	50.8194	128.0000	188.6328	185.6932	232.0024	282.3391	18.6831	18.8467	19.4727	19.7948	2561.3864	2577.3691	2675.8224	2716.9256	0.7681	98.3141	3441.0000	88.5700	67.7429	80.0000
spark_llama	model	raw	2	3	UNSTABLE	11.2500	80	9	50.9718	128.0000	188.3022	187.1063	214.6389	229.8436	17.9874	17.8484	18.7692	18.9443	2472.7055	2462.2355	2567.6796	2590.9011	0.7933	101.5481	3441.0000	92.7500	67.9653	79.0000
qwen_llama	model	raw	2	3	UNSTABLE	2.5000	80	2	40.4487	128.0000	169.8932	170.8153	198.1624	220.7564	35.8951	35.5383	38.8587	39.9709	4728.5653	4660.5929	5114.2340	5263.8320	0.4218	53.9893	3885.0000	94.2900	67.9638	80.0000
qwen_llama	model	raw	2	4	UNSTABLE	3.7500	80	3	40.2987	128.0000	168.0042	170.1657	202.1900	226.5269	35.3721	35.4207	37.9915	38.4458	4660.2555	4665.8524	5024.3585	5073.5528	0.4268	54.6358	3885.0000	87.6800	68.8783	80.0000
spark_llama	model	raw	2	4	UNSTABLE	16.2500	80	13	50.9851	128.0000	190.8539	188.5299	222.4169	247.4982	18.6592	18.8261	19.3438	19.5284	2560.5662	2578.1211	2644.7089	2700.6376	0.7637	97.7563	3441.0000	104.6500	67.2915	79.0000
spark_llama	model	raw	3	1	UNSTABLE	8.7500	80	7	50.3973	128.0000	236.6102	240.1479	272.1130	279.2531	22.3796	22.3243	23.4811	24.1822	3078.8162	3076.8732	3175.7464	3229.5869	0.9525	121.9144	3441.0000	107.8100	65.1552	79.0000
qwen_llama	model	raw	3	1	UNSTABLE	12.5000	80	10	40.6571	128.0000	211.1268	219.0082	273.2086	283.4480	38.0578	37.7333	40.6104	41.4778	5044.4628	5009.7064	5348.2202	5468.0233	0.5858	74.9875	3885.0000	95.9500	67.3451	79.0000
qwen_llama	model	raw	3	2	UNSTABLE	6.2500	80	5	40.4533	128.0000	226.6553	229.8682	247.9101	278.3529	37.8209	37.8100	40.3483	40.6727	5029.9091	5037.4135	5371.1485	5395.5962	0.5943	76.0640	3885.0000	95.8000	67.2575	79.0000
spark_llama	model	raw	3	2	UNSTABLE	28.7500	80	23	51.1579	128.0000	217.9212	214.2398	263.3918	274.8091	23.1691	23.1400	24.6880	24.8291	3160.3976	3171.9202	3315.5267	3368.7965	0.9199	117.7411	3441.0000	117.5800	63.9241	79.0000
spark_llama	model	raw	3	3	UNSTABLE	13.7500	80	11	51.2464	128.0000	244.8385	248.1012	284.3928	313.6752	22.7219	22.5285	24.0533	24.3434	3130.5258	3109.8189	3273.3955	3376.8626	0.9418	120.5565	3441.0000	107.4100	64.8982	79.0000
qwen_llama	model	raw	3	3	UNSTABLE	15.0000	80	12	40.9118	128.0000	189.6721	191.8440	238.6210	263.0617	37.9979	38.0170	40.3882	41.3011	5015.4056	4996.6271	5309.2412	5426.1510	0.5865	75.0661	3885.0000	104.6300	66.8387	79.0000
qwen_llama	model	raw	3	4	UNSTABLE	8.7500	80	7	40.2192	128.0000	218.4515	221.9885	267.5669	276.7412	37.9391	37.8929	40.7634	41.2735	5036.7232	5048.3238	5380.5093	5443.2636	0.5893	75.4252	3885.0000	97.2000	67.4601	79.0000
spark_llama	model	raw	3	4	UNSTABLE	15.0000	80	12	50.3676	128.0000	249.3937	253.8200	284.6102	289.2424	23.0346	22.6396	24.1219	33.3446	3174.7905	3124.6580	3272.3161	4445.2214	0.9124	116.7915	3441.0000	95.0700	63.6982	79.0000
spark_llama	model	raw	4	1	PASS	0.0000	80	0	50.8500	128.0000	316.7996	320.5380	359.2399	369.3164	26.9327	26.8272	27.3126	27.4143	3737.2522	3734.3019	3794.8446	3836.3487	1.0695	136.9016	3441.0000	104.3200	62.1520	78.0000
qwen_llama	model	raw	4	1	PASS	0.0000	80	0	40.4500	128.0000	271.4527	275.9584	294.8492	295.7009	21.9262	21.8752	22.1841	22.2425	3056.0811	3057.5205	3108.6625	3109.2370	1.3078	167.3937	3885.0000	96.7900	78.6901	78.0000
qwen_llama	model	raw	4	2	UNSTABLE	7.5000	80	6	40.5270	128.0000	261.2098	277.4016	312.5647	320.6389	21.8927	22.0756	22.5047	22.5250	3041.5812	3073.3942	3113.2022	3125.2228	1.2818	164.0710	3885.0000	87.8600	78.5746	78.0000
spark_llama	model	raw	4	2	UNSTABLE	21.2500	80	17	50.4762	128.0000	273.0969	268.9808	333.2883	341.0670	28.3757	28.1390	31.0548	31.3002	3876.8106	3865.7514	4199.9226	4237.0298	1.0009	128.1117	3441.0000	92.9100	62.2517	78.0000
spark_llama	model	raw	4	3	UNSTABLE	8.7500	80	7	50.9726	128.0000	290.8849	283.5579	347.6038	358.4785	27.8703	27.3383	30.1693	30.5330	3830.4069	3815.1608	4079.3531	4115.0317	1.0144	129.8450	3441.0000	109.1000	63.5488	78.0000
qwen_llama	model	raw	4	3	UNSTABLE	8.7500	80	7	40.3699	128.0000	241.6005	259.5865	298.8335	300.5635	22.2587	22.1682	23.5477	23.8269	3068.4510	3085.5547	3163.6590	3184.7730	1.2678	162.2783	3885.0000	83.7300	78.8000	78.0000
qwen_llama	model	raw	4	4	UNSTABLE	5.0000	80	4	40.1711	128.0000	267.7161	269.0757	296.1400	306.7983	21.9332	21.9351	22.4249	22.5078	3053.2275	3046.8117	3140.4426	3149.8796	1.3043	166.9492	3885.0000	84.0700	79.9037	78.0000
spark_llama	model	raw	4	4	UNSTABLE	20.0000	80	16	51.2344	128.0000	280.8000	274.9985	372.4696	380.4393	28.3382	28.3440	30.5533	31.0641	3879.7558	3882.4053	4150.6800	4213.8575	1.0131	129.6817	3441.0000	105.7100	62.6575	78.0000
