arm	suite	isl	concurrency	repeat	status	error_rate_pct	attempted_requests	successful_requests	failed_requests	success_rate_pct	input_tokens_avg	output_tokens_avg	ttft_avg_ms	ttft_p50_ms	ttft_p95_ms	ttft_p99_ms	itl_avg_ms	itl_p50_ms	itl_p95_ms	itl_p99_ms	latency_avg_ms	latency_p50_ms	latency_p95_ms	latency_p99_ms	request_tps	output_tps	peak_vram_mib	peak_power_w	avg_gpu_util_pct	peak_temp_c	gpu_energy_j	gpu_j_per_request	gpu_j_per_output_token
qwen3_8b	capacity	raw	1	1	PASS	0.0000	60	60	0	100.0000	40.4500	128.0000	105.4148	104.1793	113.9727	116.0094	16.8647	16.8654	16.9578	17.0578	2247.2278	2245.6893	2261.3305	2276.0738	0.4051	51.8529	4837.0000	93.5600	88.2074	77.0000	11027.2450	183.7874	1.4358
qwen3_8b	capacity	raw	2	1	PASS	0.0000	60	60	0	100.0000	40.4500	128.0000	163.7574	163.6012	182.1713	189.3776	18.0999	18.1067	18.2196	18.2384	2462.4428	2463.4900	2483.7927	2488.8124	0.7517	96.2121	4841.0000	89.8100	83.7778	78.0000	6296.7300	104.9455	0.8199
qwen3_8b	capacity	raw	4	1	PASS	0.0000	60	60	0	100.0000	40.4500	128.0000	2536.6166	2612.5887	2658.2820	2664.0969	18.1845	18.2116	18.3116	18.3433	4846.0466	4921.4138	4974.2091	4989.7635	0.7518	96.2286	4841.0000	85.2300	84.6588	78.0000	6211.3850	103.5231	0.8088
qwen3_8b	capacity	raw	6	1	PASS	0.0000	60	60	0	100.0000	40.4500	128.0000	4854.3598	5104.4046	5132.9933	5134.1618	18.2360	18.2273	18.3855	18.4220	7170.3269	7419.3400	7463.5107	7472.7390	0.7495	95.9410	4841.0000	85.4900	83.8889	78.0000	6303.9600	105.0660	0.8208
qwen3_8b	capacity	raw	8	1	PASS	0.0000	60	60	0	100.0000	40.4500	128.0000	7105.8032	7587.7827	7699.3783	7709.6624	18.3033	18.3040	18.5740	18.6388	9430.3226	9913.2254	10008.9189	10039.7604	0.7472	95.6394	4841.0000	83.9500	83.2164	78.0000	6314.5650	105.2427	0.8222
deepseek_r1_8b	capacity	raw	1	1	PASS	0.0000	60	60	0	100.0000	33.0500	128.0000	92.7094	91.8124	99.0611	108.0316	16.3525	16.3410	16.4319	16.6323	2169.4756	2168.5385	2181.8844	2211.2947	0.4223	54.0535	4721.0000	88.5900	88.3750	79.0000	10848.2350	180.8039	1.4125
deepseek_r1_8b	capacity	raw	2	1	PASS	0.0000	60	60	0	100.0000	33.0500	128.0000	140.6421	140.6049	156.7805	158.2133	17.5044	17.4973	17.6067	17.6975	2363.7037	2359.7593	2380.1324	2388.1974	0.7669	98.1665	4725.0000	100.2400	83.6871	77.0000	6019.7000	100.3283	0.7838
deepseek_r1_8b	capacity	raw	4	1	PASS	0.0000	60	60	0	100.0000	33.0500	128.0000	2455.8400	2525.9852	2595.4551	2600.8000	17.6861	17.6134	18.0025	18.0540	4701.9809	4747.6882	4869.9419	4876.8486	0.7730	98.9461	4725.0000	81.8300	83.7470	78.0000	5957.4650	99.2911	0.7757
deepseek_r1_8b	capacity	raw	6	1	PASS	0.0000	60	60	0	100.0000	33.0500	128.0000	4668.3317	4906.5664	4951.5999	4955.6936	17.6413	17.6281	17.8292	17.8874	6908.7756	7150.0799	7200.4262	7207.4922	0.7759	99.3174	4725.0000	89.8100	83.4303	78.0000	6070.9850	101.1831	0.7905
deepseek_r1_8b	capacity	raw	8	1	PASS	0.0000	60	60	0	100.0000	33.0500	128.0000	6828.5769	7302.5329	7339.2966	7339.9409	17.6769	17.6736	17.7991	17.8314	9073.5460	9554.5094	9585.4733	9594.8171	0.7743	99.1105	4725.0000	85.6900	83.7636	78.0000	6099.3800	101.6563	0.7942
glm4_9b	capacity	raw	1	1	PASS	0.0000	60	60	0	100.0000	36.0167	128.0000	54.8094	54.5900	56.9511	62.1868	20.0382	20.0365	20.1745	20.2048	2599.6549	2598.6291	2618.3586	2621.2336	0.3574	45.7461	5095.0000	86.4500	90.0988	80.0000	13084.7100	218.0785	1.7037
glm4_9b	capacity	raw	2	1	PASS	0.0000	60	60	0	100.0000	36.0167	128.0000	101.8171	104.0698	116.8011	123.6907	21.0815	21.0589	21.2772	21.3429	2779.1734	2778.0530	2815.0032	2816.4930	0.6505	83.2576	5099.0000	86.3800	86.1204	77.0000	7112.8700	118.5478	0.9262
glm4_9b	capacity	raw	4	1	PASS	0.0000	60	60	0	100.0000	36.0167	128.0000	2788.2106	2882.4685	2906.9927	2934.1188	21.1804	21.1649	21.3621	21.3869	5478.1242	5568.1004	5617.7808	5618.0274	0.6707	85.8500	5099.0000	98.8600	85.5340	78.0000	7111.3450	118.5224	0.9260
glm4_9b	capacity	raw	6	1	PASS	0.0000	60	60	0	100.0000	36.0167	128.0000	5403.2941	5678.7358	5715.0417	5721.2644	21.2095	21.2004	21.3775	21.3910	8096.9068	8372.3348	8414.0399	8417.0627	0.6482	82.9751	5099.0000	82.2500	85.9058	78.0000	7078.6300	117.9772	0.9217
glm4_9b	capacity	raw	8	1	PASS	0.0000	60	60	0	100.0000	36.0167	128.0000	7971.2271	8525.8905	8582.4221	8585.8649	21.3223	21.3276	21.6098	21.6183	10679.1591	11235.8469	11307.9662	11317.8252	0.6657	85.2079	5099.0000	101.3200	85.2292	79.0000	7072.5400	117.8757	0.9209
yi_15_9b	capacity	raw	1	1	PASS	0.0000	60	60	0	100.0000	56.6500	128.0000	69.3577	68.4165	76.2666	79.0240	18.7027	18.7032	18.8261	18.8523	2444.5988	2445.2657	2462.7726	2465.2766	0.3715	47.5513	5041.0000	83.8600	90.0309	80.0000	12344.3250	205.7388	1.6073
yi_15_9b	capacity	raw	2	1	PASS	0.0000	60	60	0	100.0000	56.6500	128.0000	134.0536	133.1897	145.7004	148.4184	19.9528	19.9381	20.1084	20.1217	2668.0548	2662.7192	2699.6491	2700.8636	0.6978	89.3178	5043.0000	83.4800	86.9454	78.0000	6754.6100	112.5768	0.8795
yi_15_9b	capacity	raw	4	1	PASS	0.0000	60	60	0	100.0000	56.6500	128.0000	2713.2208	2799.1423	2827.4109	2832.4454	19.9774	19.9571	20.1045	20.2183	5250.3474	5335.8621	5364.8102	5372.5293	0.6978	89.3235	5043.0000	82.8800	86.7432	78.0000	6896.8050	114.9468	0.8980
yi_15_9b	capacity	raw	6	1	PASS	0.0000	60	60	0	100.0000	56.6500	128.0000	5237.1587	5506.8399	5543.7702	5544.9411	20.1010	20.0752	20.3027	20.3263	7789.9840	8051.6249	8087.5835	8089.5395	0.6712	85.9137	5043.0000	90.9800	86.3098	78.0000	6926.7150	115.4453	0.9019
yi_15_9b	capacity	raw	8	1	PASS	0.0000	60	60	0	100.0000	56.6500	128.0000	7662.8458	8200.5782	8233.4758	8245.9714	20.1296	20.1361	20.2775	20.2971	10219.3041	10753.6447	10797.3153	10805.6286	0.6707	85.8481	5043.0000	92.2800	86.1413	78.0000	6893.1550	114.8859	0.8975
deepseek_r1_8b	capacity	raw	1	2	PASS	0.0000	60	60	0	100.0000	33.0500	128.0000	93.2427	91.3363	102.3713	108.4182	16.3081	16.2937	16.4040	16.4093	2164.3748	2163.4233	2184.0593	2184.7110	0.4232	54.1639	4721.0000	85.3100	88.7491	80.0000	10782.5550	179.7092	1.4040
deepseek_r1_8b	capacity	raw	2	2	PASS	0.0000	60	60	0	100.0000	33.0500	128.0000	141.3320	141.0896	158.2709	164.1636	17.5064	17.5052	17.6404	17.6810	2364.6449	2362.0531	2390.0582	2401.4509	0.7804	99.8962	4725.0000	98.5600	84.3598	79.0000	6017.4700	100.2912	0.7835
deepseek_r1_8b	capacity	raw	4	2	PASS	0.0000	60	60	0	100.0000	33.0500	128.0000	2423.7044	2502.2651	2518.1761	2520.2572	17.5292	17.5304	17.6259	17.6420	4649.9129	4726.6730	4748.9441	4750.2955	0.7810	99.9618	4725.0000	97.5400	84.1951	79.0000	6103.3500	101.7225	0.7947
deepseek_r1_8b	capacity	raw	6	2	PASS	0.0000	60	60	0	100.0000	33.0500	128.0000	4680.9866	4918.9594	4958.9110	4962.6764	17.6916	17.6990	17.8521	17.8836	6927.8152	7166.0417	7208.4460	7216.7118	0.7457	95.4499	4725.0000	81.5800	83.3963	79.0000	6007.3950	100.1232	0.7822
deepseek_r1_8b	capacity	raw	8	2	PASS	0.0000	60	60	0	100.0000	33.0500	128.0000	6830.6295	7301.7686	7354.7344	7377.3947	17.7089	17.7066	17.8610	17.8985	9079.6599	9550.2027	9610.8790	9630.6810	0.7458	95.4582	4725.0000	83.4000	83.8000	79.0000	5977.0750	99.6179	0.7783
glm4_9b	capacity	raw	1	2	PASS	0.0000	60	60	0	100.0000	36.0167	128.0000	56.2763	54.9510	61.4070	70.2317	20.0777	20.0735	20.2055	20.2889	2606.1380	2604.3067	2625.3349	2632.1013	0.3504	44.8521	5095.0000	83.2300	90.0233	80.0000	13061.0000	217.6833	1.7007
glm4_9b	capacity	raw	2	2	PASS	0.0000	60	60	0	100.0000	36.0167	128.0000	99.5247	101.2711	113.3122	116.7599	21.0421	21.0311	21.1856	21.2712	2771.8652	2771.5225	2797.1057	2808.5194	0.6519	83.4464	5099.0000	92.3100	86.2158	78.0000	7106.3150	118.4386	0.9253
glm4_9b	capacity	raw	4	2	PASS	0.0000	60	60	0	100.0000	36.0167	128.0000	2798.2104	2889.8896	2935.0036	2954.4269	21.2084	21.1895	21.4771	21.5343	5491.6716	5578.3820	5648.6948	5667.2883	0.6480	82.9435	5099.0000	85.0200	85.9476	79.0000	7013.7350	116.8956	0.9132
glm4_9b	capacity	raw	6	2	PASS	0.0000	60	60	0	100.0000	36.0167	128.0000	5411.1678	5685.9202	5717.2396	5721.6091	21.2234	21.2257	21.3968	21.4034	8106.5422	8383.9668	8416.7648	8418.6199	0.6475	82.8810	5099.0000	83.0900	85.9476	78.0000	7104.9000	118.4150	0.9251
glm4_9b	capacity	raw	8	2	PASS	0.0000	60	60	0	100.0000	36.0167	128.0000	7932.3384	8494.0261	8530.3938	8563.2755	21.2580	21.2298	21.4389	21.5788	10632.1007	11196.8722	11233.5594	11249.0722	0.6682	85.5316	5099.0000	106.4300	85.4740	79.0000	7111.0550	118.5176	0.9259
yi_15_9b	capacity	raw	1	2	PASS	0.0000	60	60	0	100.0000	56.6500	128.0000	70.1757	68.8357	77.6902	81.5361	18.6918	18.6894	18.7944	18.8368	2444.0287	2442.0601	2462.1678	2466.0734	0.3715	47.5581	5041.0000	88.7900	89.7130	79.0000	12291.8550	204.8642	1.6005
yi_15_9b	capacity	raw	2	2	PASS	0.0000	60	60	0	100.0000	56.6500	128.0000	132.9277	131.8941	145.5053	146.1266	19.9712	19.9549	20.1744	20.3137	2669.2724	2669.3551	2690.6747	2725.3474	0.6975	89.2789	5043.0000	84.3500	86.7978	78.0000	6756.3950	112.6066	0.8797
yi_15_9b	capacity	raw	4	2	PASS	0.0000	60	60	0	100.0000	56.6500	128.0000	2713.8147	2800.5980	2832.6992	2833.0556	19.9926	19.9921	20.1451	20.1566	5252.8723	5338.1617	5375.8147	5388.1361	0.6746	86.3478	5043.0000	88.4000	86.1250	79.0000	6943.6400	115.7273	0.9041
yi_15_9b	capacity	raw	6	2	PASS	0.0000	60	60	0	100.0000	56.6500	128.0000	5234.2894	5499.5876	5577.3852	5579.9492	20.0988	20.0687	20.3408	20.4925	7786.8325	8049.4478	8150.8465	8160.8786	0.6715	85.9515	5043.0000	83.0600	86.3152	78.0000	6827.1150	113.7852	0.8889
yi_15_9b	capacity	raw	8	2	PASS	0.0000	60	60	0	100.0000	56.6500	128.0000	7676.1012	8207.8126	8256.2966	8263.8716	20.1335	20.1380	20.2631	20.3057	10233.0585	10769.0131	10817.3037	10831.3093	0.6925	88.6444	5043.0000	85.9700	86.3661	79.0000	6805.7000	113.4283	0.8862
qwen3_8b	capacity	raw	1	2	PASS	0.0000	60	60	0	100.0000	40.4500	128.0000	107.3945	106.2871	123.1341	129.7595	16.8449	16.8413	16.9591	16.9819	2246.6909	2244.6638	2269.8547	2271.6754	0.4090	52.3547	4837.0000	106.0300	87.8161	79.0000	11236.4300	187.2738	1.4631
qwen3_8b	capacity	raw	2	2	PASS	0.0000	60	60	0	100.0000	40.4500	128.0000	157.6500	159.5571	169.5497	178.2977	18.0854	18.0865	18.1918	18.1976	2454.4962	2455.0284	2476.4593	2488.0118	0.7539	96.5037	4841.0000	91.5100	84.3941	78.0000	6304.2150	105.0703	0.8209
qwen3_8b	capacity	raw	4	2	PASS	0.0000	60	60	0	100.0000	40.4500	128.0000	2537.2076	2621.6403	2639.2501	2641.9940	18.1858	18.1695	18.3197	18.3629	4846.8028	4928.8540	4950.5850	4959.6217	0.7516	96.2069	4841.0000	87.4400	84.1824	78.0000	6358.4150	105.9736	0.8279
qwen3_8b	capacity	raw	6	2	PASS	0.0000	60	60	0	100.0000	40.4500	128.0000	4856.4650	5098.5191	5155.0031	5155.7429	18.2704	18.2840	18.4003	18.4432	7176.8102	7416.8842	7479.7320	7483.6339	0.7488	95.8521	4841.0000	84.8300	83.5088	78.0000	6309.8000	105.1633	0.8216
qwen3_8b	capacity	raw	8	2	PASS	0.0000	60	60	0	100.0000	40.4500	128.0000	7130.1039	7623.2325	7663.9628	7671.9812	18.3288	18.3274	18.4773	18.5041	9457.8654	9951.1310	10002.4272	10005.4255	0.7191	92.0420	4841.0000	82.1100	83.1977	79.0000	6321.1650	105.3528	0.8231
glm4_9b	capacity	raw	1	3	PASS	0.0000	60	60	0	100.0000	36.0167	128.0000	55.5161	54.3562	61.3047	63.4132	20.0032	19.9971	20.1024	20.1103	2595.9220	2594.4326	2608.9783	2613.3452	0.3578	45.7984	5095.0000	85.9600	90.1370	79.0000	13038.8200	217.3137	1.6978
glm4_9b	capacity	raw	2	3	PASS	0.0000	60	60	0	100.0000	36.0167	128.0000	100.0540	102.2220	110.9534	121.9778	21.1395	21.1276	21.3526	21.4264	2784.7722	2786.5284	2815.2257	2821.8030	0.6492	83.0922	5099.0000	87.3500	86.2094	79.0000	6972.0550	116.2009	0.9078
glm4_9b	capacity	raw	4	3	PASS	0.0000	60	60	0	100.0000	36.0167	128.0000	2777.3343	2868.5227	2904.5535	2911.6874	21.0824	21.0665	21.3170	21.3606	5454.7977	5539.6878	5602.9436	5609.2214	0.6733	86.1858	5099.0000	93.6000	86.0474	79.0000	7167.9300	119.4655	0.9333
glm4_9b	capacity	raw	6	3	PASS	0.0000	60	60	0	100.0000	36.0167	128.0000	5396.7157	5662.9748	5718.5927	5736.1148	21.1944	21.1856	21.3788	21.4010	8088.3992	8355.9455	8413.5058	8424.4344	0.6487	83.0323	5099.0000	108.8700	85.9738	79.0000	7100.6750	118.3446	0.9246
glm4_9b	capacity	raw	8	3	PASS	0.0000	60	60	0	100.0000	36.0167	128.0000	7933.3931	8485.4372	8539.7831	8548.1547	21.2413	21.2413	21.3945	21.4131	10631.0361	11178.8668	11235.8969	11247.8056	0.6683	85.5450	5099.0000	86.4400	85.5789	79.0000	7134.8700	118.9145	0.9290
yi_15_9b	capacity	raw	1	3	PASS	0.0000	60	60	0	100.0000	56.6500	128.0000	70.0566	68.4065	77.1439	83.7214	18.6991	18.7075	18.8049	18.8428	2444.8432	2445.3765	2464.4750	2470.9631	0.3715	47.5483	5041.0000	87.3500	89.8241	79.0000	12384.0250	206.4004	1.6125
yi_15_9b	capacity	raw	2	3	PASS	0.0000	60	60	0	100.0000	56.6500	128.0000	134.4970	132.9608	147.4607	150.8218	19.9476	19.9163	20.0915	20.2187	2667.8380	2669.9887	2693.3835	2713.9308	0.6975	89.2855	5043.0000	82.5500	86.1033	79.0000	6894.8450	114.9141	0.8978
yi_15_9b	capacity	raw	4	3	PASS	0.0000	60	60	0	100.0000	56.6500	128.0000	2716.5269	2801.0829	2832.9513	2837.6200	19.9881	19.9717	20.1181	20.2756	5255.0192	5341.0099	5378.4441	5385.1959	0.6972	89.2480	5043.0000	86.0100	86.4674	78.0000	6883.6050	114.7268	0.8963
yi_15_9b	capacity	raw	6	3	PASS	0.0000	60	60	0	100.0000	56.6500	128.0000	5222.5938	5490.0171	5535.4647	5536.7178	20.0466	20.0352	20.2580	20.3019	7768.5069	8037.2565	8077.9268	8097.0844	0.6730	86.1445	5043.0000	93.9900	86.4185	78.0000	6852.8650	114.2144	0.8923
yi_15_9b	capacity	raw	8	3	PASS	0.0000	60	60	0	100.0000	56.6500	128.0000	7675.9770	8208.6703	8267.0693	8269.9119	20.1448	20.1314	20.3435	20.3465	10234.3616	10770.6356	10825.7784	10831.7057	0.6697	85.7220	5043.0000	86.4400	85.9565	79.0000	6871.1000	114.5183	0.8947
qwen3_8b	capacity	raw	1	3	PASS	0.0000	60	60	0	100.0000	40.4500	128.0000	103.3143	101.8376	112.2735	121.6521	16.7924	16.7849	16.9019	16.9623	2235.9463	2234.0039	2247.9719	2269.0127	0.4107	52.5724	4837.0000	84.8200	88.4223	79.0000	11280.7500	188.0125	1.4688
qwen3_8b	capacity	raw	2	3	PASS	0.0000	60	60	0	100.0000	40.4500	128.0000	162.2239	162.4295	177.2513	182.7338	18.1016	18.1063	18.2376	18.2701	2461.1210	2461.0142	2482.9942	2483.7275	0.7520	96.2561	4841.0000	85.2900	84.1529	78.0000	6294.0600	104.9010	0.8195
qwen3_8b	capacity	raw	4	3	PASS	0.0000	60	60	0	100.0000	40.4500	128.0000	2532.7672	2617.0248	2635.6438	2644.4773	18.1241	18.1180	18.2200	18.2343	4834.5337	4918.8789	4938.6945	4951.3970	0.7534	96.4327	4841.0000	88.0800	84.3647	78.0000	6381.4650	106.3577	0.8309
qwen3_8b	capacity	raw	6	3	PASS	0.0000	60	60	0	100.0000	40.4500	128.0000	4855.0504	5106.0662	5127.4793	5137.6235	18.2467	18.2400	18.3595	18.4095	7172.3806	7417.3721	7453.0728	7462.2029	0.7493	95.9088	4841.0000	114.1800	84.1529	78.0000	6331.5450	105.5258	0.8244
qwen3_8b	capacity	raw	8	3	PASS	0.0000	60	60	0	100.0000	40.4500	128.0000	7094.2898	7592.7800	7618.9938	7627.7712	18.2782	18.2820	18.4054	18.4694	9415.6192	9912.4393	9940.5989	9941.3424	0.7483	95.7803	4841.0000	85.8500	83.5353	78.0000	6342.7450	105.7124	0.8259
deepseek_r1_8b	capacity	raw	1	3	PASS	0.0000	60	60	0	100.0000	33.0500	128.0000	91.2889	90.6272	97.8752	103.8579	16.2621	16.2527	16.3415	16.3507	2156.5791	2155.6994	2173.3621	2175.7414	0.4245	54.3411	4721.0000	86.8200	88.5769	80.0000	10910.8750	181.8479	1.4207
deepseek_r1_8b	capacity	raw	2	3	PASS	0.0000	60	60	0	100.0000	33.0500	128.0000	143.0161	142.8131	157.8966	159.8817	17.4186	17.4196	17.4889	17.4919	2355.1729	2356.2770	2370.9174	2373.6021	0.7834	100.2727	4725.0000	82.4900	84.5583	77.0000	6078.2100	101.3035	0.7914
deepseek_r1_8b	capacity	raw	4	3	PASS	0.0000	60	60	0	100.0000	33.0500	128.0000	2420.4090	2500.3019	2525.6625	2531.6819	17.5189	17.5301	17.5689	17.6047	4645.3098	4725.0253	4751.8075	4758.7159	0.7816	100.0509	4725.0000	109.0000	84.4294	78.0000	6053.6000	100.8933	0.7882
deepseek_r1_8b	capacity	raw	6	3	PASS	0.0000	60	60	0	100.0000	33.0500	128.0000	4660.7247	4892.6227	4960.6347	4982.2899	17.6122	17.6056	17.7902	17.8147	6897.4740	7126.2720	7223.0967	7227.3444	0.7770	99.4600	4725.0000	92.1900	83.3902	78.0000	6087.1700	101.4528	0.7926
deepseek_r1_8b	capacity	raw	8	3	PASS	0.0000	60	60	0	100.0000	33.0500	128.0000	6802.5933	7276.2996	7311.4913	7321.5566	17.6182	17.6293	17.6998	17.7762	9040.1033	9513.4755	9556.0993	9562.9870	0.7768	99.4279	4725.0000	85.8600	83.4268	77.0000	6117.9400	101.9657	0.7966
